"S.No.","State  or UT","Ayurveda - Male","Ayurveda-Female","Unani -Male","Unani -Female","Siddha -Male","Siddha -Female"," Naturopathy -Male"," Naturopathy -Female","Sowa Rigpa  -Male"," Sowa Rigpa   -Female","Homoeopathy -Male","Homoeopathy -Female"
"1","Andhra Pradesh","1201","1011","261","395","0","0","83","159","0","0","1187","1876"
"2","Arunachal Pradesh  ","36","54","2","1","0","0","0","0","3","0","183","272"
"3","Assam  ","928","510","0","0","0","0","0","0","0","0","1362","577"
"4","Bihar","32627","1396","4782","641","0","0","0","0","0","0","32529","2248"
"5","Chhattisgarh  ","2814","1865","157","67","0","0","46","86","0","0","1282","1179"
"6","Delhi","2532","1516","1330","837","0","0","0","0","0","0","1947","3701"
"7","Goa ","210","541","0","0","0","0","0","1","0","0","184","698"
"8","Gujarat  ","20643","9439","335","33","0","0","16","62","0","0","14426","16044"
"9","Haryana  ","6412","4325","206","10","0","0","0","0","0","0","1066","576"
"10","Himachal Pradesh  ","3443","2790","4","0","0","0","0","0","0","0","972","467"
"11","Jammu & Kashmir  ","953","1331","1553","980","0","0","52","21","21","42","279","215"
"12","Jharkhand","196","71","62","19","0","0","0","0","0","0","463","369"
"13","Karnataka  ","8671","11204","376","823","2","9","285","774","0","0","5155","6075"
"14","Kerala ","15356","16086","137","73","1710","775","98","275","0","0","2126","12378"
"15","Madhya Pradesh  ","16918","4226","1388","770","0","0","31","81","0","0","15387","6680"
"16","Maharashtra","NR","NR","NR","NR","0","0","0","0","0","0","40171","40054"
"17","Manipur","0","0","0","0","0","0","0","0","0","0","0","0"
"18","Meghalaya ","0","0","0","0","0","0","0","0","0","0","247","305"
"19","Mizoram","5","17","0","0","0","0","0","0","0","0","90","161"
"20","Nagaland","0","0","0","0","0","0","0","0","0","0","98","85"
"21","Odisha  ","3860","1678","27","1","0","0","0","0","0","0","8612","1399"
"22","Punjab  ","7093","5358","178","5","0","0","0","0","0","0","2076","2125"
"23","Rajasthan ","9137","2840","1031","203","0","0","143","88","0","0","NR","NR"
"24","Sikkim","0","0","0","0","0","0","0","0","0","0","0","0"
"25","Tamil Nadu  ","776","1530","261","324","2738","4297","454","1217","0","0","3506","4229"
"26","Telangana","10008","2436","3045","2237","0","0","179","228","0","0","3367","2363"
"27","Tripura  ","0","0","0","0","0","0","0","0","0","0","393","403"
"28","Uttar Pradesh","39001","5198","12226","3644","0","0","0","0","0","0","30314","6236"
"29","Uttarakhand  ","1709","1649","153","51","0","0","0","0","0","0","475","489"
"30","West Bengal","3376","512","NR","NR","0","0","0","0","0","0","36038","5790"
"31","A&N Islands","0","0","0","0","0","0","0","0","0","0","0","0"
"32","Chandigarh ","0","0","0","0","0","0","0","0","0","0","66","131"
"33","D&N Haveli & Daman & Diu","0","0","0","0","0","0","0","0","0","0","0","0"
"34","Ladakh","0","0","0","0","0","0","0","0","0","0","0","0"
"35","Lakshadweep","0","0","0","0","0","0","0","0","0","0","0","0"
