Opportunity_ID,Opportunity_Title,AYUSH_System,Opportunity_Type,Organization_Type,Qualification,Required_Skills,Experience,Research_Area,Location,Work_Mode,Source_Type,Source_Note
AYUSH_OPP_001,Ayurvedic Research Assistant,Ayurveda,Internship,AYUSH Research Institute,BAMS / M.Sc. Ayurveda (Pursuing or Completed),Literature Review; Data Collection; Documentation; Research Methods; Excel; Report Writing; Communication; SQL,0-1 years,Herbal Formulation Studies,Patna,On-site,Synthetic project record,Synthetic record created for SkillBridge prototype; not a live vacancy.
AYUSH_OPP_002,Clinical Research Intern,AYUSH/General,Internship,NGO (AYUSH Health),BAMS / BHMS / BUMS / BSMS / B.Sc. Nursing (Pursuing),Clinical Research; Data Collection; Documentation; GCP Guidelines; Excel; Communication; Report Writing; Power BI,2-3 years,Clinical Trial Support,Bhopal,Remote,Synthetic project record,Synthetic record created for SkillBridge prototype; not a live vacancy.
AYUSH_OPP_003,Research Associate,AYUSH/General,Job,Private AYUSH Hospital,M.D. (AYUSH) / M.Sc. / M.Pharm (Relevant Specialization),Research Methods; Statistics; Data Analysis; Scientific Writing; Literature Review; Project Management; Report Writing; Excel,2-3 years,Clinical Research,Pune,On-site,Synthetic project record,Synthetic record created for SkillBridge prototype; not a live vacancy.
AYUSH_OPP_004,AYUSH Data Analyst,AYUSH/General,Job,Clinical Research Organization,"B.Sc./M.Sc. (Statistics, Data Science, or related) / BAMS with Data Skills",Python; SQL; Data Analysis; Power BI; Statistics; Excel; Data Cleaning; Machine Learning,0-2 years,Epidemiological Data Analysis,Nagpur,On-site,Synthetic project record,Synthetic record created for SkillBridge prototype; not a live vacancy.
AYUSH_OPP_005,Pharmacovigilance Intern,Ayurveda,Internship,AYUSH Pharmacy / Drug Manufacturing Unit,B.Pharm / M.Pharm / BAMS (Pursuing),Drug Safety; Pharmacology; Documentation; Data Collection; Report Writing; Excel; Communication; Data Analysis,0-2 years,ASU&H Drug Safety,New Delhi,On-site,Synthetic project record,Synthetic record created for SkillBridge prototype; not a live vacancy.
AYUSH_OPP_006,Yoga Research Intern,Yoga & Naturopathy,Internship,NGO (AYUSH Health),Yoga Certification / B.Sc. Yoga / M.Sc. Yoga (Pursuing),Data Collection; Research Methods; Documentation; Communication; Report Writing; Literature Review,0-2 years,Yoga Therapy Research,Hyderabad,On-site,Synthetic project record,Synthetic record created for SkillBridge prototype; not a live vacancy.
AYUSH_OPP_007,Siddha Research Assistant,Siddha,Internship,AYUSH Research Institute,BSMS (Pursuing or Completed),Literature Review; Data Collection; Documentation; Research Methods; Excel; Communication,1-2 years,Siddha Formulation Research,Guwahati,Hybrid,Synthetic project record,Synthetic record created for SkillBridge prototype; not a live vacancy.
AYUSH_OPP_008,Unani Research Intern,Unani,Internship,Government AYUSH Hospital,BUMS (Pursuing or Completed),Literature Review; Data Collection; Documentation; Research Methods; Excel; Report Writing,0-2 years,Unani Drug Standardization,Gandhinagar,Hybrid,Synthetic project record,Synthetic record created for SkillBridge prototype; not a live vacancy.
AYUSH_OPP_009,Homoeopathy Research Assistant,Homoeopathy,Internship,Private AYUSH Hospital,BHMS (Pursuing or Completed),Literature Review; Data Collection; Documentation; Clinical Research; Excel; Communication; Machine Learning,Fresher,Materia Medica Research,Guwahati,Hybrid,Synthetic project record,Synthetic record created for SkillBridge prototype; not a live vacancy.
AYUSH_OPP_010,Project Technical Assistant,AYUSH/General,Job,Government AYUSH Hospital,M.Sc. / BAMS / BHMS / BUMS / BSMS (Relevant Field),Data Collection; Data Cleaning; Documentation; Excel; Project Management; Report Writing; Communication; Drug Safety,Fresher,AYUSH Project Support,Ranchi,Hybrid,Synthetic project record,Synthetic record created for SkillBridge prototype; not a live vacancy.
AYUSH_OPP_011,Clinical Data Management Intern,AYUSH/General,Internship,AYUSH College,"B.Sc. / M.Sc. (Life Sciences, Statistics) / BAMS / BHMS (Pursuing)",SQL; Data Cleaning; Data Analysis; Excel; Clinical Research; Documentation; Statistics,0-2 years,Trial Data Management,Patna,Hybrid,Synthetic project record,Synthetic record created for SkillBridge prototype; not a live vacancy.
AYUSH_OPP_012,Medicinal Plant Research Intern,Ayurveda,Internship,Government AYUSH Hospital,B.Sc./M.Sc. Botany / Ayurveda Pharmacy (Pursuing),Literature Review; Data Collection; Documentation; Research Methods; Report Writing; Communication,0-1 years,Herbal Drug Standardization,Mysuru,Remote,Synthetic project record,Synthetic record created for SkillBridge prototype; not a live vacancy.
AYUSH_OPP_013,Bioinformatics Intern,AYUSH/General,Internship,Clinical Research Organization,B.Tech / M.Sc. Bioinformatics / Computational Biology (Pursuing),Python; Bioinformatics; Data Analysis; Machine Learning; SQL; Statistics; Documentation,0-2 years,Network Pharmacology,Lucknow,On-site,Synthetic project record,Synthetic record created for SkillBridge prototype; not a live vacancy.
AYUSH_OPP_014,AI in AYUSH Intern,AYUSH/General,Internship,NGO (AYUSH Health),"B.Tech / M.Tech / M.Sc. (CS, AI, Data Science) (Pursuing)",Python; Machine Learning; Data Analysis; SQL; Statistics; Data Cleaning; Documentation,0-2 years,AI-based Diagnosis Support,Patna,Remote,Synthetic project record,Synthetic record created for SkillBridge prototype; not a live vacancy.
AYUSH_OPP_015,Scientific Writer - AYUSH,AYUSH/General,Job,Private AYUSH Hospital,M.Sc. / M.D. (AYUSH) / M.Pharm with strong writing skills,Scientific Writing; Literature Review; Documentation; Report Writing; Research Methods; Communication; Project Management; SQL,0-2 years,Research Publication Support,Ranchi,On-site,Synthetic project record,Synthetic record created for SkillBridge prototype; not a live vacancy.
AYUSH_OPP_016,AYUSH Program Coordinator,AYUSH/General,Job,AYUSH Diagnostic & Data Center,MBA / M.Sc. / BAMS / BHMS with Coordination Experience,Project Management; Communication; Documentation; Report Writing; Data Collection; Excel,0-1 years,Community Health Outreach,Jaipur,Remote,Synthetic project record,Synthetic record created for SkillBridge prototype; not a live vacancy.
AYUSH_OPP_017,Research Fellow,AYUSH/General,Job,Clinical Research Organization,Ph.D. / M.D. (AYUSH) / M.Pharm (Relevant Specialization),Research Methods; Statistics; Scientific Writing; Data Analysis; Literature Review; Project Management; Report Writing; Excel,0-2 years,Advanced Clinical Research,Bhubaneswar,Remote,Synthetic project record,Synthetic record created for SkillBridge prototype; not a live vacancy.
AYUSH_OPP_018,Yoga Therapist,Yoga & Naturopathy,Job,AYUSH College,B.Sc./M.Sc. Yoga / Diploma in Yoga Therapy,Communication; Documentation; Data Collection; Report Writing; Research Methods; Machine Learning,2-3 years,Lifestyle Disorder Management,Indore,Hybrid,Synthetic project record,Synthetic record created for SkillBridge prototype; not a live vacancy.
AYUSH_OPP_019,Naturopathy Research Intern,Yoga & Naturopathy,Internship,NGO (AYUSH Health),BNYS (Pursuing or Completed),Literature Review; Data Collection; Documentation; Communication; Report Writing,Fresher,Naturopathic Treatment Studies,Chennai,Remote,Synthetic project record,Synthetic record created for SkillBridge prototype; not a live vacancy.
AYUSH_OPP_020,Clinical Research Coordinator,AYUSH/General,Job,AYUSH College,BAMS / BHMS / BUMS / BSMS / Life Sciences Graduate,Clinical Research; Documentation; Data Collection; Communication; Project Management; Report Writing; Excel,1-2 years,Trial Compliance Monitoring,Chennai,Remote,Synthetic project record,Synthetic record created for SkillBridge prototype; not a live vacancy.
AYUSH_OPP_021,Ayurvedic Research Assistant,Ayurveda,Internship,Government AYUSH Department,BAMS / M.Sc. Ayurveda (Pursuing or Completed),Literature Review; Data Collection; Documentation; Research Methods; Excel; Report Writing; Communication,0-2 years,Clinical Ayurveda,Bhubaneswar,Hybrid,Synthetic project record,Synthetic record created for SkillBridge prototype; not a live vacancy.
AYUSH_OPP_022,Clinical Research Intern,AYUSH/General,Internship,Government AYUSH Department,BAMS / BHMS / BUMS / BSMS / B.Sc. Nursing (Pursuing),Clinical Research; Data Collection; Documentation; GCP Guidelines; Excel; Communication; Report Writing,Fresher,Patient Outcome Research,Madurai,On-site,Synthetic project record,Synthetic record created for SkillBridge prototype; not a live vacancy.
AYUSH_OPP_023,Research Associate,AYUSH/General,Job,Government AYUSH Department,M.D. (AYUSH) / M.Sc. / M.Pharm (Relevant Specialization),Research Methods; Statistics; Data Analysis; Scientific Writing; Literature Review; Project Management; Report Writing; Python,Fresher,Pharmacovigilance,Indore,Hybrid,Synthetic project record,Synthetic record created for SkillBridge prototype; not a live vacancy.
AYUSH_OPP_024,AYUSH Data Analyst,AYUSH/General,Job,AYUSH Diagnostic & Data Center,"B.Sc./M.Sc. (Statistics, Data Science, or related) / BAMS with Data Skills",Python; SQL; Data Analysis; Power BI; Statistics; Excel; Data Cleaning; Machine Learning,0-2 years,Epidemiological Data Analysis,Varanasi,On-site,Synthetic project record,Synthetic record created for SkillBridge prototype; not a live vacancy.
AYUSH_OPP_025,Pharmacovigilance Intern,Ayurveda,Internship,Government AYUSH Hospital,B.Pharm / M.Pharm / BAMS (Pursuing),Drug Safety; Pharmacology; Documentation; Data Collection; Report Writing; Excel; Communication,0-2 years,Post-Market Surveillance,Ranchi,On-site,Synthetic project record,Synthetic record created for SkillBridge prototype; not a live vacancy.
AYUSH_OPP_026,Yoga Research Intern,Yoga & Naturopathy,Internship,AYUSH Research Institute,Yoga Certification / B.Sc. Yoga / M.Sc. Yoga (Pursuing),Data Collection; Research Methods; Documentation; Communication; Report Writing; Literature Review,0-2 years,Yoga Therapy Research,Rishikesh,Remote,Synthetic project record,Synthetic record created for SkillBridge prototype; not a live vacancy.
AYUSH_OPP_027,Siddha Research Assistant,Siddha,Internship,AYUSH Research Institute,BSMS (Pursuing or Completed),Literature Review; Data Collection; Documentation; Research Methods; Excel; Communication; SQL,0-2 years,Siddha Formulation Research,Indore,Remote,Synthetic project record,Synthetic record created for SkillBridge prototype; not a live vacancy.
AYUSH_OPP_028,Unani Research Intern,Unani,Internship,Pharmaceutical Company (AYUSH),BUMS (Pursuing or Completed),Literature Review; Data Collection; Documentation; Research Methods; Excel; Report Writing; SQL,Fresher,Unani Pharmacology,Gandhinagar,Hybrid,Synthetic project record,Synthetic record created for SkillBridge prototype; not a live vacancy.
AYUSH_OPP_029,Homoeopathy Research Assistant,Homoeopathy,Internship,Government AYUSH Department,BHMS (Pursuing or Completed),Literature Review; Data Collection; Documentation; Clinical Research; Excel; Communication,2-3 years,Homoeopathic Drug Proving,Pune,Remote,Synthetic project record,Synthetic record created for SkillBridge prototype; not a live vacancy.
AYUSH_OPP_030,Project Technical Assistant,AYUSH/General,Job,Clinical Research Organization,M.Sc. / BAMS / BHMS / BUMS / BSMS (Relevant Field),Data Collection; Data Cleaning; Documentation; Excel; Project Management; Report Writing; Communication; Pharmacology,0-1 years,Research Coordination,Chennai,Remote,Synthetic project record,Synthetic record created for SkillBridge prototype; not a live vacancy.
AYUSH_OPP_031,Clinical Data Management Intern,AYUSH/General,Internship,AYUSH Diagnostic & Data Center,"B.Sc. / M.Sc. (Life Sciences, Statistics) / BAMS / BHMS (Pursuing)",SQL; Data Cleaning; Data Analysis; Excel; Clinical Research; Documentation; Statistics,0-1 years,Health Records Analysis,Jaipur,Remote,Synthetic project record,Synthetic record created for SkillBridge prototype; not a live vacancy.
AYUSH_OPP_032,Medicinal Plant Research Intern,Ayurveda,Internship,Clinical Research Organization,B.Sc./M.Sc. Botany / Ayurveda Pharmacy (Pursuing),Literature Review; Data Collection; Documentation; Research Methods; Report Writing; Communication; Machine Learning,2-3 years,Ethnobotany,Bhubaneswar,Remote,Synthetic project record,Synthetic record created for SkillBridge prototype; not a live vacancy.
AYUSH_OPP_033,Bioinformatics Intern,AYUSH/General,Internship,Wellness & Yoga Center,B.Tech / M.Sc. Bioinformatics / Computational Biology (Pursuing),Python; Bioinformatics; Data Analysis; Machine Learning; SQL; Statistics; Documentation,2-3 years,Genomics in AYUSH,Lucknow,On-site,Synthetic project record,Synthetic record created for SkillBridge prototype; not a live vacancy.
AYUSH_OPP_034,AI in AYUSH Intern,AYUSH/General,Internship,AYUSH Research Institute,"B.Tech / M.Tech / M.Sc. (CS, AI, Data Science) (Pursuing)",Python; Machine Learning; Data Analysis; SQL; Statistics; Data Cleaning; Documentation; Power BI,Fresher,AI-based Diagnosis Support,Chandigarh,On-site,Synthetic project record,Synthetic record created for SkillBridge prototype; not a live vacancy.
AYUSH_OPP_035,Scientific Writer - AYUSH,AYUSH/General,Job,Government AYUSH Hospital,M.Sc. / M.D. (AYUSH) / M.Pharm with strong writing skills,Scientific Writing; Literature Review; Documentation; Report Writing; Research Methods; Communication; Project Management; Drug Safety,0-1 years,AYUSH Policy Documentation,Madurai,Hybrid,Synthetic project record,Synthetic record created for SkillBridge prototype; not a live vacancy.
AYUSH_OPP_036,AYUSH Program Coordinator,AYUSH/General,Job,AYUSH College,MBA / M.Sc. / BAMS / BHMS with Coordination Experience,Project Management; Communication; Documentation; Report Writing; Data Collection; Excel,2-3 years,Training Coordination,Jaipur,Remote,Synthetic project record,Synthetic record created for SkillBridge prototype; not a live vacancy.
AYUSH_OPP_037,Research Fellow,AYUSH/General,Job,AYUSH Startup,Ph.D. / M.D. (AYUSH) / M.Pharm (Relevant Specialization),Research Methods; Statistics; Scientific Writing; Data Analysis; Literature Review; Project Management; Report Writing; Pharmacology,Fresher,Advanced Clinical Research,Lucknow,Hybrid,Synthetic project record,Synthetic record created for SkillBridge prototype; not a live vacancy.
AYUSH_OPP_038,Yoga Therapist,Yoga & Naturopathy,Job,NGO (AYUSH Health),B.Sc./M.Sc. Yoga / Diploma in Yoga Therapy,Communication; Documentation; Data Collection; Report Writing; Research Methods,Fresher,Lifestyle Disorder Management,Thiruvananthapuram,Hybrid,Synthetic project record,Synthetic record created for SkillBridge prototype; not a live vacancy.
AYUSH_OPP_039,Naturopathy Research Intern,Yoga & Naturopathy,Internship,Wellness & Yoga Center,BNYS (Pursuing or Completed),Literature Review; Data Collection; Documentation; Communication; Report Writing,0-2 years,Diet & Lifestyle Research,Patna,On-site,Synthetic project record,Synthetic record created for SkillBridge prototype; not a live vacancy.
AYUSH_OPP_040,Clinical Research Coordinator,AYUSH/General,Job,Private AYUSH Hospital,BAMS / BHMS / BUMS / BSMS / Life Sciences Graduate,Clinical Research; Documentation; Data Collection; Communication; Project Management; Report Writing; Excel; Pharmacology,2-3 years,Multi-centric Clinical Trials,Hyderabad,On-site,Synthetic project record,Synthetic record created for SkillBridge prototype; not a live vacancy.
AYUSH_OPP_041,Ayurvedic Research Assistant,Ayurveda,Internship,Government AYUSH Department,BAMS / M.Sc. Ayurveda (Pursuing or Completed),Literature Review; Data Collection; Documentation; Research Methods; Excel; Report Writing; Communication,Fresher,Panchakarma Research,Kolkata,Hybrid,Synthetic project record,Synthetic record created for SkillBridge prototype; not a live vacancy.
AYUSH_OPP_042,Clinical Research Intern,AYUSH/General,Internship,Government AYUSH Department,BAMS / BHMS / BUMS / BSMS / B.Sc. Nursing (Pursuing),Clinical Research; Data Collection; Documentation; GCP Guidelines; Excel; Communication; Report Writing,Fresher,Patient Outcome Research,Hyderabad,On-site,Synthetic project record,Synthetic record created for SkillBridge prototype; not a live vacancy.
AYUSH_OPP_043,Research Associate,AYUSH/General,Job,AYUSH College,M.D. (AYUSH) / M.Sc. / M.Pharm (Relevant Specialization),Research Methods; Statistics; Data Analysis; Scientific Writing; Literature Review; Project Management; Report Writing; Pharmacology,1-2 years,Public Health Research,Gandhinagar,On-site,Synthetic project record,Synthetic record created for SkillBridge prototype; not a live vacancy.
AYUSH_OPP_044,AYUSH Data Analyst,AYUSH/General,Job,AYUSH College,"B.Sc./M.Sc. (Statistics, Data Science, or related) / BAMS with Data Skills",Python; SQL; Data Analysis; Power BI; Statistics; Excel; Data Cleaning; Machine Learning,Fresher,AYUSH Data Systems,Nashik,On-site,Synthetic project record,Synthetic record created for SkillBridge prototype; not a live vacancy.
AYUSH_OPP_045,Pharmacovigilance Intern,Ayurveda,Internship,Pharmaceutical Company (AYUSH),B.Pharm / M.Pharm / BAMS (Pursuing),Drug Safety; Pharmacology; Documentation; Data Collection; Report Writing; Excel; Communication,2-3 years,ASU&H Drug Safety,Ahmedabad,Hybrid,Synthetic project record,Synthetic record created for SkillBridge prototype; not a live vacancy.
AYUSH_OPP_046,Yoga Research Intern,Yoga & Naturopathy,Internship,AYUSH Research Institute,Yoga Certification / B.Sc. Yoga / M.Sc. Yoga (Pursuing),Data Collection; Research Methods; Documentation; Communication; Report Writing; Literature Review,0-1 years,Stress & Lifestyle Studies,Dehradun,On-site,Synthetic project record,Synthetic record created for SkillBridge prototype; not a live vacancy.
AYUSH_OPP_047,Siddha Research Assistant,Siddha,Internship,AYUSH Research Institute,BSMS (Pursuing or Completed),Literature Review; Data Collection; Documentation; Research Methods; Excel; Communication; Drug Safety,0-2 years,Siddha Formulation Research,Chandigarh,Remote,Synthetic project record,Synthetic record created for SkillBridge prototype; not a live vacancy.
AYUSH_OPP_048,Unani Research Intern,Unani,Internship,AYUSH College,BUMS (Pursuing or Completed),Literature Review; Data Collection; Documentation; Research Methods; Excel; Report Writing; Python,2-3 years,Unani Pharmacology,Rishikesh,Remote,Synthetic project record,Synthetic record created for SkillBridge prototype; not a live vacancy.
AYUSH_OPP_049,Homoeopathy Research Assistant,Homoeopathy,Internship,Government AYUSH Hospital,BHMS (Pursuing or Completed),Literature Review; Data Collection; Documentation; Clinical Research; Excel; Communication; Machine Learning,0-1 years,Materia Medica Research,Pune,Remote,Synthetic project record,Synthetic record created for SkillBridge prototype; not a live vacancy.
AYUSH_OPP_050,Project Technical Assistant,AYUSH/General,Job,AYUSH Research Institute,M.Sc. / BAMS / BHMS / BUMS / BSMS (Relevant Field),Data Collection; Data Cleaning; Documentation; Excel; Project Management; Report Writing; Communication,Fresher,Research Coordination,Chandigarh,Remote,Synthetic project record,Synthetic record created for SkillBridge prototype; not a live vacancy.
AYUSH_OPP_051,Clinical Data Management Intern,AYUSH/General,Internship,Private AYUSH Hospital,"B.Sc. / M.Sc. (Life Sciences, Statistics) / BAMS / BHMS (Pursuing)",SQL; Data Cleaning; Data Analysis; Excel; Clinical Research; Documentation; Statistics; Pharmacology,0-2 years,Health Records Analysis,Kochi,Hybrid,Synthetic project record,Synthetic record created for SkillBridge prototype; not a live vacancy.
AYUSH_OPP_052,Medicinal Plant Research Intern,Ayurveda,Internship,Pharmaceutical Company (AYUSH),B.Sc./M.Sc. Botany / Ayurveda Pharmacy (Pursuing),Literature Review; Data Collection; Documentation; Research Methods; Report Writing; Communication,0-2 years,Ethnobotany,Chennai,Remote,Synthetic project record,Synthetic record created for SkillBridge prototype; not a live vacancy.
AYUSH_OPP_053,Bioinformatics Intern,AYUSH/General,Internship,AYUSH Research Institute,B.Tech / M.Sc. Bioinformatics / Computational Biology (Pursuing),Python; Bioinformatics; Data Analysis; Machine Learning; SQL; Statistics; Documentation,2-3 years,Network Pharmacology,Gandhinagar,On-site,Synthetic project record,Synthetic record created for SkillBridge prototype; not a live vacancy.
AYUSH_OPP_054,AI in AYUSH Intern,AYUSH/General,Internship,NGO (AYUSH Health),"B.Tech / M.Tech / M.Sc. (CS, AI, Data Science) (Pursuing)",Python; Machine Learning; Data Analysis; SQL; Statistics; Data Cleaning; Documentation,2-3 years,AI-based Diagnosis Support,Hyderabad,On-site,Synthetic project record,Synthetic record created for SkillBridge prototype; not a live vacancy.
AYUSH_OPP_055,Scientific Writer - AYUSH,AYUSH/General,Job,Private AYUSH Hospital,M.Sc. / M.D. (AYUSH) / M.Pharm with strong writing skills,Scientific Writing; Literature Review; Documentation; Report Writing; Research Methods; Communication; Project Management; Excel,0-2 years,Grant & Report Writing,Nashik,On-site,Synthetic project record,Synthetic record created for SkillBridge prototype; not a live vacancy.
AYUSH_OPP_056,AYUSH Program Coordinator,AYUSH/General,Job,AYUSH Pharmacy / Drug Manufacturing Unit,MBA / M.Sc. / BAMS / BHMS with Coordination Experience,Project Management; Communication; Documentation; Report Writing; Data Collection; Excel,2-3 years,Training Coordination,Mysuru,Hybrid,Synthetic project record,Synthetic record created for SkillBridge prototype; not a live vacancy.
AYUSH_OPP_057,Research Fellow,AYUSH/General,Job,Government AYUSH Hospital,Ph.D. / M.D. (AYUSH) / M.Pharm (Relevant Specialization),Research Methods; Statistics; Scientific Writing; Data Analysis; Literature Review; Project Management; Report Writing; SQL,0-2 years,Advanced Clinical Research,Coimbatore,Remote,Synthetic project record,Synthetic record created for SkillBridge prototype; not a live vacancy.
AYUSH_OPP_058,Yoga Therapist,Yoga & Naturopathy,Job,AYUSH Research Institute,B.Sc./M.Sc. Yoga / Diploma in Yoga Therapy,Communication; Documentation; Data Collection; Report Writing; Research Methods,0-2 years,Lifestyle Disorder Management,Vijayawada,Remote,Synthetic project record,Synthetic record created for SkillBridge prototype; not a live vacancy.
AYUSH_OPP_059,Naturopathy Research Intern,Yoga & Naturopathy,Internship,AYUSH Research Institute,BNYS (Pursuing or Completed),Literature Review; Data Collection; Documentation; Communication; Report Writing,0-2 years,Hydrotherapy Studies,Mysuru,Hybrid,Synthetic project record,Synthetic record created for SkillBridge prototype; not a live vacancy.
AYUSH_OPP_060,Clinical Research Coordinator,AYUSH/General,Job,Government AYUSH Hospital,BAMS / BHMS / BUMS / BSMS / Life Sciences Graduate,Clinical Research; Documentation; Data Collection; Communication; Project Management; Report Writing; Excel,1-2 years,Trial Compliance Monitoring,Ahmedabad,On-site,Synthetic project record,Synthetic record created for SkillBridge prototype; not a live vacancy.
AYUSH_OPP_061,Ayurvedic Research Assistant,Ayurveda,Internship,Clinical Research Organization,BAMS / M.Sc. Ayurveda (Pursuing or Completed),Literature Review; Data Collection; Documentation; Research Methods; Excel; Report Writing; Communication; Drug Safety,0-2 years,Panchakarma Research,Bengaluru,On-site,Synthetic project record,Synthetic record created for SkillBridge prototype; not a live vacancy.
AYUSH_OPP_062,Clinical Research Intern,AYUSH/General,Internship,AYUSH Startup,BAMS / BHMS / BUMS / BSMS / B.Sc. Nursing (Pursuing),Clinical Research; Data Collection; Documentation; GCP Guidelines; Excel; Communication; Report Writing; Python,Fresher,Patient Outcome Research,Indore,Remote,Synthetic project record,Synthetic record created for SkillBridge prototype; not a live vacancy.
AYUSH_OPP_063,Research Associate,AYUSH/General,Job,Wellness & Yoga Center,M.D. (AYUSH) / M.Sc. / M.Pharm (Relevant Specialization),Research Methods; Statistics; Data Analysis; Scientific Writing; Literature Review; Project Management; Report Writing,1-2 years,Drug Standardization,Indore,On-site,Synthetic project record,Synthetic record created for SkillBridge prototype; not a live vacancy.
AYUSH_OPP_064,AYUSH Data Analyst,AYUSH/General,Job,Wellness & Yoga Center,"B.Sc./M.Sc. (Statistics, Data Science, or related) / BAMS with Data Skills",Python; SQL; Data Analysis; Power BI; Statistics; Excel; Data Cleaning; Machine Learning,0-1 years,Health Informatics,Thiruvananthapuram,On-site,Synthetic project record,Synthetic record created for SkillBridge prototype; not a live vacancy.
AYUSH_OPP_065,Pharmacovigilance Intern,Ayurveda,Internship,AYUSH Pharmacy / Drug Manufacturing Unit,B.Pharm / M.Pharm / BAMS (Pursuing),Drug Safety; Pharmacology; Documentation; Data Collection; Report Writing; Excel; Communication,0-1 years,Post-Market Surveillance,Thiruvananthapuram,Remote,Synthetic project record,Synthetic record created for SkillBridge prototype; not a live vacancy.
AYUSH_OPP_066,Yoga Research Intern,Yoga & Naturopathy,Internship,AYUSH Research Institute,Yoga Certification / B.Sc. Yoga / M.Sc. Yoga (Pursuing),Data Collection; Research Methods; Documentation; Communication; Report Writing; Literature Review; Data Analysis,Fresher,Stress & Lifestyle Studies,Lucknow,On-site,Synthetic project record,Synthetic record created for SkillBridge prototype; not a live vacancy.
AYUSH_OPP_067,Siddha Research Assistant,Siddha,Internship,Private AYUSH Hospital,BSMS (Pursuing or Completed),Literature Review; Data Collection; Documentation; Research Methods; Excel; Communication,0-1 years,Varmam Therapy Studies,Shimla,Hybrid,Synthetic project record,Synthetic record created for SkillBridge prototype; not a live vacancy.
AYUSH_OPP_068,Unani Research Intern,Unani,Internship,AYUSH Research Institute,BUMS (Pursuing or Completed),Literature Review; Data Collection; Documentation; Research Methods; Excel; Report Writing; Drug Safety,0-1 years,Ilaj bi'l-Tadbeer Research,Hyderabad,Hybrid,Synthetic project record,Synthetic record created for SkillBridge prototype; not a live vacancy.
AYUSH_OPP_069,Homoeopathy Research Assistant,Homoeopathy,Internship,Private AYUSH Hospital,BHMS (Pursuing or Completed),Literature Review; Data Collection; Documentation; Clinical Research; Excel; Communication,Fresher,Homoeopathic Drug Proving,Thiruvananthapuram,Hybrid,Synthetic project record,Synthetic record created for SkillBridge prototype; not a live vacancy.
AYUSH_OPP_070,Project Technical Assistant,AYUSH/General,Job,Pharmaceutical Company (AYUSH),M.Sc. / BAMS / BHMS / BUMS / BSMS (Relevant Field),Data Collection; Data Cleaning; Documentation; Excel; Project Management; Report Writing; Communication,0-2 years,AYUSH Project Support,Bhubaneswar,Hybrid,Synthetic project record,Synthetic record created for SkillBridge prototype; not a live vacancy.
AYUSH_OPP_071,Clinical Data Management Intern,AYUSH/General,Internship,NGO (AYUSH Health),"B.Sc. / M.Sc. (Life Sciences, Statistics) / BAMS / BHMS (Pursuing)",SQL; Data Cleaning; Data Analysis; Excel; Clinical Research; Documentation; Statistics,Fresher,Trial Data Management,Bhubaneswar,Remote,Synthetic project record,Synthetic record created for SkillBridge prototype; not a live vacancy.
AYUSH_OPP_072,Medicinal Plant Research Intern,Ayurveda,Internship,Pharmaceutical Company (AYUSH),B.Sc./M.Sc. Botany / Ayurveda Pharmacy (Pursuing),Literature Review; Data Collection; Documentation; Research Methods; Report Writing; Communication,Fresher,Medicinal Plant Taxonomy,Kolkata,Remote,Synthetic project record,Synthetic record created for SkillBridge prototype; not a live vacancy.
AYUSH_OPP_073,Bioinformatics Intern,AYUSH/General,Internship,Wellness & Yoga Center,B.Tech / M.Sc. Bioinformatics / Computational Biology (Pursuing),Python; Bioinformatics; Data Analysis; Machine Learning; SQL; Statistics; Documentation,2-3 years,Network Pharmacology,Thiruvananthapuram,Remote,Synthetic project record,Synthetic record created for SkillBridge prototype; not a live vacancy.
AYUSH_OPP_074,AI in AYUSH Intern,AYUSH/General,Internship,AYUSH Pharmacy / Drug Manufacturing Unit,"B.Tech / M.Tech / M.Sc. (CS, AI, Data Science) (Pursuing)",Python; Machine Learning; Data Analysis; SQL; Statistics; Data Cleaning; Documentation; Pharmacology,0-2 years,AI-based Diagnosis Support,Hyderabad,Hybrid,Synthetic project record,Synthetic record created for SkillBridge prototype; not a live vacancy.
AYUSH_OPP_075,Scientific Writer - AYUSH,AYUSH/General,Job,NGO (AYUSH Health),M.Sc. / M.D. (AYUSH) / M.Pharm with strong writing skills,Scientific Writing; Literature Review; Documentation; Report Writing; Research Methods; Communication; Project Management; SQL,0-1 years,AYUSH Policy Documentation,New Delhi,Remote,Synthetic project record,Synthetic record created for SkillBridge prototype; not a live vacancy.
AYUSH_OPP_076,AYUSH Program Coordinator,AYUSH/General,Job,AYUSH Pharmacy / Drug Manufacturing Unit,MBA / M.Sc. / BAMS / BHMS with Coordination Experience,Project Management; Communication; Documentation; Report Writing; Data Collection; Excel,Fresher,Community Health Outreach,Bhopal,Hybrid,Synthetic project record,Synthetic record created for SkillBridge prototype; not a live vacancy.
AYUSH_OPP_077,Research Fellow,AYUSH/General,Job,Pharmaceutical Company (AYUSH),Ph.D. / M.D. (AYUSH) / M.Pharm (Relevant Specialization),Research Methods; Statistics; Scientific Writing; Data Analysis; Literature Review; Project Management; Report Writing,1-2 years,Translational AYUSH Research,Coimbatore,Remote,Synthetic project record,Synthetic record created for SkillBridge prototype; not a live vacancy.
AYUSH_OPP_078,Yoga Therapist,Yoga & Naturopathy,Job,AYUSH Research Institute,B.Sc./M.Sc. Yoga / Diploma in Yoga Therapy,Communication; Documentation; Data Collection; Report Writing; Research Methods,1-2 years,Lifestyle Disorder Management,Indore,On-site,Synthetic project record,Synthetic record created for SkillBridge prototype; not a live vacancy.
AYUSH_OPP_079,Naturopathy Research Intern,Yoga & Naturopathy,Internship,AYUSH College,BNYS (Pursuing or Completed),Literature Review; Data Collection; Documentation; Communication; Report Writing; Power BI,0-2 years,Hydrotherapy Studies,Nashik,On-site,Synthetic project record,Synthetic record created for SkillBridge prototype; not a live vacancy.
AYUSH_OPP_080,Clinical Research Coordinator,AYUSH/General,Job,Private AYUSH Hospital,BAMS / BHMS / BUMS / BSMS / Life Sciences Graduate,Clinical Research; Documentation; Data Collection; Communication; Project Management; Report Writing; Excel,2-3 years,Patient Recruitment Studies,Coimbatore,Hybrid,Synthetic project record,Synthetic record created for SkillBridge prototype; not a live vacancy.
AYUSH_OPP_081,Ayurvedic Research Assistant,Ayurveda,Internship,Government AYUSH Department,BAMS / M.Sc. Ayurveda (Pursuing or Completed),Literature Review; Data Collection; Documentation; Research Methods; Excel; Report Writing; Communication,0-1 years,Rasashastra & Bhaishajya Kalpana,Kochi,Hybrid,Synthetic project record,Synthetic record created for SkillBridge prototype; not a live vacancy.
AYUSH_OPP_082,Clinical Research Intern,AYUSH/General,Internship,AYUSH College,BAMS / BHMS / BUMS / BSMS / B.Sc. Nursing (Pursuing),Clinical Research; Data Collection; Documentation; GCP Guidelines; Excel; Communication; Report Writing; Data Analysis,Fresher,Patient Outcome Research,Shimla,Remote,Synthetic project record,Synthetic record created for SkillBridge prototype; not a live vacancy.
AYUSH_OPP_083,Research Associate,AYUSH/General,Job,Government AYUSH Department,M.D. (AYUSH) / M.Sc. / M.Pharm (Relevant Specialization),Research Methods; Statistics; Data Analysis; Scientific Writing; Literature Review; Project Management; Report Writing,0-1 years,Pharmacovigilance,Pune,On-site,Synthetic project record,Synthetic record created for SkillBridge prototype; not a live vacancy.
AYUSH_OPP_084,AYUSH Data Analyst,AYUSH/General,Job,AYUSH Research Institute,"B.Sc./M.Sc. (Statistics, Data Science, or related) / BAMS with Data Skills",Python; SQL; Data Analysis; Power BI; Statistics; Excel; Data Cleaning; Machine Learning,1-2 years,Health Informatics,Chennai,On-site,Synthetic project record,Synthetic record created for SkillBridge prototype; not a live vacancy.
AYUSH_OPP_085,Pharmacovigilance Intern,Ayurveda,Internship,Government AYUSH Department,B.Pharm / M.Pharm / BAMS (Pursuing),Drug Safety; Pharmacology; Documentation; Data Collection; Report Writing; Excel; Communication,2-3 years,ASU&H Drug Safety,Ranchi,On-site,Synthetic project record,Synthetic record created for SkillBridge prototype; not a live vacancy.
AYUSH_OPP_086,Yoga Research Intern,Yoga & Naturopathy,Internship,AYUSH Research Institute,Yoga Certification / B.Sc. Yoga / M.Sc. Yoga (Pursuing),Data Collection; Research Methods; Documentation; Communication; Report Writing; Literature Review,Fresher,Yoga Therapy Research,Dehradun,Hybrid,Synthetic project record,Synthetic record created for SkillBridge prototype; not a live vacancy.
AYUSH_OPP_087,Siddha Research Assistant,Siddha,Internship,AYUSH Pharmacy / Drug Manufacturing Unit,BSMS (Pursuing or Completed),Literature Review; Data Collection; Documentation; Research Methods; Excel; Communication,0-1 years,Siddha Pharmacology,Madurai,On-site,Synthetic project record,Synthetic record created for SkillBridge prototype; not a live vacancy.
AYUSH_OPP_088,Unani Research Intern,Unani,Internship,Government AYUSH Department,BUMS (Pursuing or Completed),Literature Review; Data Collection; Documentation; Research Methods; Excel; Report Writing; SQL,2-3 years,Unani Pharmacology,Mysuru,Remote,Synthetic project record,Synthetic record created for SkillBridge prototype; not a live vacancy.
AYUSH_OPP_089,Homoeopathy Research Assistant,Homoeopathy,Internship,Government AYUSH Department,BHMS (Pursuing or Completed),Literature Review; Data Collection; Documentation; Clinical Research; Excel; Communication,2-3 years,Materia Medica Research,Varanasi,On-site,Synthetic project record,Synthetic record created for SkillBridge prototype; not a live vacancy.
AYUSH_OPP_090,Project Technical Assistant,AYUSH/General,Job,Clinical Research Organization,M.Sc. / BAMS / BHMS / BUMS / BSMS (Relevant Field),Data Collection; Data Cleaning; Documentation; Excel; Project Management; Report Writing; Communication,2-3 years,Research Coordination,Guwahati,Hybrid,Synthetic project record,Synthetic record created for SkillBridge prototype; not a live vacancy.
AYUSH_OPP_091,Clinical Data Management Intern,AYUSH/General,Internship,AYUSH Diagnostic & Data Center,"B.Sc. / M.Sc. (Life Sciences, Statistics) / BAMS / BHMS (Pursuing)",SQL; Data Cleaning; Data Analysis; Excel; Clinical Research; Documentation; Statistics; Machine Learning,1-2 years,Trial Data Management,Varanasi,On-site,Synthetic project record,Synthetic record created for SkillBridge prototype; not a live vacancy.
AYUSH_OPP_092,Medicinal Plant Research Intern,Ayurveda,Internship,Pharmaceutical Company (AYUSH),B.Sc./M.Sc. Botany / Ayurveda Pharmacy (Pursuing),Literature Review; Data Collection; Documentation; Research Methods; Report Writing; Communication,1-2 years,Herbal Drug Standardization,Udaipur,Remote,Synthetic project record,Synthetic record created for SkillBridge prototype; not a live vacancy.
AYUSH_OPP_093,Bioinformatics Intern,AYUSH/General,Internship,Government AYUSH Hospital,B.Tech / M.Sc. Bioinformatics / Computational Biology (Pursuing),Python; Bioinformatics; Data Analysis; Machine Learning; SQL; Statistics; Documentation,0-2 years,Computational Drug Discovery,Ahmedabad,Hybrid,Synthetic project record,Synthetic record created for SkillBridge prototype; not a live vacancy.
AYUSH_OPP_094,AI in AYUSH Intern,AYUSH/General,Internship,Government AYUSH Hospital,"B.Tech / M.Tech / M.Sc. (CS, AI, Data Science) (Pursuing)",Python; Machine Learning; Data Analysis; SQL; Statistics; Data Cleaning; Documentation,0-1 years,AI-based Diagnosis Support,Kochi,Remote,Synthetic project record,Synthetic record created for SkillBridge prototype; not a live vacancy.
AYUSH_OPP_095,Scientific Writer - AYUSH,AYUSH/General,Job,Government AYUSH Hospital,M.Sc. / M.D. (AYUSH) / M.Pharm with strong writing skills,Scientific Writing; Literature Review; Documentation; Report Writing; Research Methods; Communication; Project Management; Drug Safety,1-2 years,Grant & Report Writing,Mysuru,On-site,Synthetic project record,Synthetic record created for SkillBridge prototype; not a live vacancy.
AYUSH_OPP_096,AYUSH Program Coordinator,AYUSH/General,Job,Private AYUSH Hospital,MBA / M.Sc. / BAMS / BHMS with Coordination Experience,Project Management; Communication; Documentation; Report Writing; Data Collection; Excel,1-2 years,Community Health Outreach,Nagpur,On-site,Synthetic project record,Synthetic record created for SkillBridge prototype; not a live vacancy.
AYUSH_OPP_097,Research Fellow,AYUSH/General,Job,AYUSH Research Institute,Ph.D. / M.D. (AYUSH) / M.Pharm (Relevant Specialization),Research Methods; Statistics; Scientific Writing; Data Analysis; Literature Review; Project Management; Report Writing,1-2 years,Translational AYUSH Research,Chandigarh,Remote,Synthetic project record,Synthetic record created for SkillBridge prototype; not a live vacancy.
AYUSH_OPP_098,Yoga Therapist,Yoga & Naturopathy,Job,NGO (AYUSH Health),B.Sc./M.Sc. Yoga / Diploma in Yoga Therapy,Communication; Documentation; Data Collection; Report Writing; Research Methods,2-3 years,Naturopathy Integration,Coimbatore,Hybrid,Synthetic project record,Synthetic record created for SkillBridge prototype; not a live vacancy.
AYUSH_OPP_099,Naturopathy Research Intern,Yoga & Naturopathy,Internship,NGO (AYUSH Health),BNYS (Pursuing or Completed),Literature Review; Data Collection; Documentation; Communication; Report Writing; Power BI,0-2 years,Naturopathic Treatment Studies,Nashik,On-site,Synthetic project record,Synthetic record created for SkillBridge prototype; not a live vacancy.
AYUSH_OPP_100,Clinical Research Coordinator,AYUSH/General,Job,Government AYUSH Department,BAMS / BHMS / BUMS / BSMS / Life Sciences Graduate,Clinical Research; Documentation; Data Collection; Communication; Project Management; Report Writing; Excel,1-2 years,Trial Compliance Monitoring,Bhubaneswar,Hybrid,Synthetic project record,Synthetic record created for SkillBridge prototype; not a live vacancy.
AYUSH_OPP_101,Ayurvedic Research Assistant,Ayurveda,Internship,AYUSH College,BAMS / M.Sc. Ayurveda (Pursuing or Completed),Literature Review; Data Collection; Documentation; Research Methods; Excel; Report Writing; Communication; Pharmacology,2-3 years,Clinical Ayurveda,Udaipur,Hybrid,Synthetic project record,Synthetic record created for SkillBridge prototype; not a live vacancy.
AYUSH_OPP_102,Clinical Research Intern,AYUSH/General,Internship,Government AYUSH Department,BAMS / BHMS / BUMS / BSMS / B.Sc. Nursing (Pursuing),Clinical Research; Data Collection; Documentation; GCP Guidelines; Excel; Communication; Report Writing,Fresher,Clinical Trial Support,Chandigarh,Remote,Synthetic project record,Synthetic record created for SkillBridge prototype; not a live vacancy.
AYUSH_OPP_103,Research Associate,AYUSH/General,Job,AYUSH College,M.D. (AYUSH) / M.Sc. / M.Pharm (Relevant Specialization),Research Methods; Statistics; Data Analysis; Scientific Writing; Literature Review; Project Management; Report Writing; Machine Learning,0-2 years,Clinical Research,Chennai,Hybrid,Synthetic project record,Synthetic record created for SkillBridge prototype; not a live vacancy.
AYUSH_OPP_104,AYUSH Data Analyst,AYUSH/General,Job,Wellness & Yoga Center,"B.Sc./M.Sc. (Statistics, Data Science, or related) / BAMS with Data Skills",Python; SQL; Data Analysis; Power BI; Statistics; Excel; Data Cleaning; Machine Learning,0-2 years,AYUSH Data Systems,Varanasi,Hybrid,Synthetic project record,Synthetic record created for SkillBridge prototype; not a live vacancy.
AYUSH_OPP_105,Pharmacovigilance Intern,Ayurveda,Internship,Pharmaceutical Company (AYUSH),B.Pharm / M.Pharm / BAMS (Pursuing),Drug Safety; Pharmacology; Documentation; Data Collection; Report Writing; Excel; Communication,1-2 years,Adverse Drug Reaction Monitoring,Udaipur,Hybrid,Synthetic project record,Synthetic record created for SkillBridge prototype; not a live vacancy.
AYUSH_OPP_106,Yoga Research Intern,Yoga & Naturopathy,Internship,AYUSH Research Institute,Yoga Certification / B.Sc. Yoga / M.Sc. Yoga (Pursuing),Data Collection; Research Methods; Documentation; Communication; Report Writing; Literature Review,Fresher,Mind-Body Medicine,Bengaluru,Hybrid,Synthetic project record,Synthetic record created for SkillBridge prototype; not a live vacancy.
AYUSH_OPP_107,Siddha Research Assistant,Siddha,Internship,AYUSH Research Institute,BSMS (Pursuing or Completed),Literature Review; Data Collection; Documentation; Research Methods; Excel; Communication,0-1 years,Siddha Pharmacology,Patna,On-site,Synthetic project record,Synthetic record created for SkillBridge prototype; not a live vacancy.
AYUSH_OPP_108,Unani Research Intern,Unani,Internship,Private AYUSH Hospital,BUMS (Pursuing or Completed),Literature Review; Data Collection; Documentation; Research Methods; Excel; Report Writing,1-2 years,Unani Pharmacology,Guwahati,On-site,Synthetic project record,Synthetic record created for SkillBridge prototype; not a live vacancy.
AYUSH_OPP_109,Homoeopathy Research Assistant,Homoeopathy,Internship,Government AYUSH Department,BHMS (Pursuing or Completed),Literature Review; Data Collection; Documentation; Clinical Research; Excel; Communication,0-2 years,Materia Medica Research,Chandigarh,On-site,Synthetic project record,Synthetic record created for SkillBridge prototype; not a live vacancy.
AYUSH_OPP_110,Project Technical Assistant,AYUSH/General,Job,AYUSH Pharmacy / Drug Manufacturing Unit,M.Sc. / BAMS / BHMS / BUMS / BSMS (Relevant Field),Data Collection; Data Cleaning; Documentation; Excel; Project Management; Report Writing; Communication,Fresher,Research Coordination,Kolkata,Remote,Synthetic project record,Synthetic record created for SkillBridge prototype; not a live vacancy.
AYUSH_OPP_111,Clinical Data Management Intern,AYUSH/General,Internship,Government AYUSH Hospital,"B.Sc. / M.Sc. (Life Sciences, Statistics) / BAMS / BHMS (Pursuing)",SQL; Data Cleaning; Data Analysis; Excel; Clinical Research; Documentation; Statistics,Fresher,Health Records Analysis,Kolkata,Hybrid,Synthetic project record,Synthetic record created for SkillBridge prototype; not a live vacancy.
AYUSH_OPP_112,Medicinal Plant Research Intern,Ayurveda,Internship,AYUSH Pharmacy / Drug Manufacturing Unit,B.Sc./M.Sc. Botany / Ayurveda Pharmacy (Pursuing),Literature Review; Data Collection; Documentation; Research Methods; Report Writing; Communication; Machine Learning,0-1 years,Ethnobotany,Chandigarh,Remote,Synthetic project record,Synthetic record created for SkillBridge prototype; not a live vacancy.
AYUSH_OPP_113,Bioinformatics Intern,AYUSH/General,Internship,Pharmaceutical Company (AYUSH),B.Tech / M.Sc. Bioinformatics / Computational Biology (Pursuing),Python; Bioinformatics; Data Analysis; Machine Learning; SQL; Statistics; Documentation,2-3 years,Computational Drug Discovery,Hyderabad,Remote,Synthetic project record,Synthetic record created for SkillBridge prototype; not a live vacancy.
AYUSH_OPP_114,AI in AYUSH Intern,AYUSH/General,Internship,AYUSH Research Institute,"B.Tech / M.Tech / M.Sc. (CS, AI, Data Science) (Pursuing)",Python; Machine Learning; Data Analysis; SQL; Statistics; Data Cleaning; Documentation,2-3 years,Predictive Modeling in AYUSH,Shimla,Remote,Synthetic project record,Synthetic record created for SkillBridge prototype; not a live vacancy.
AYUSH_OPP_115,Scientific Writer - AYUSH,AYUSH/General,Job,Government AYUSH Department,M.Sc. / M.D. (AYUSH) / M.Pharm with strong writing skills,Scientific Writing; Literature Review; Documentation; Report Writing; Research Methods; Communication; Project Management,Fresher,Grant & Report Writing,Pune,Remote,Synthetic project record,Synthetic record created for SkillBridge prototype; not a live vacancy.
AYUSH_OPP_116,AYUSH Program Coordinator,AYUSH/General,Job,Government AYUSH Hospital,MBA / M.Sc. / BAMS / BHMS with Coordination Experience,Project Management; Communication; Documentation; Report Writing; Data Collection; Excel,0-2 years,Community Health Outreach,Udaipur,Hybrid,Synthetic project record,Synthetic record created for SkillBridge prototype; not a live vacancy.
AYUSH_OPP_117,Research Fellow,AYUSH/General,Job,AYUSH Diagnostic & Data Center,Ph.D. / M.D. (AYUSH) / M.Pharm (Relevant Specialization),Research Methods; Statistics; Scientific Writing; Data Analysis; Literature Review; Project Management; Report Writing; Excel,1-2 years,Advanced Clinical Research,Udaipur,Hybrid,Synthetic project record,Synthetic record created for SkillBridge prototype; not a live vacancy.
AYUSH_OPP_118,Yoga Therapist,Yoga & Naturopathy,Job,AYUSH College,B.Sc./M.Sc. Yoga / Diploma in Yoga Therapy,Communication; Documentation; Data Collection; Report Writing; Research Methods; Statistics,1-2 years,Naturopathy Integration,Patna,Hybrid,Synthetic project record,Synthetic record created for SkillBridge prototype; not a live vacancy.
AYUSH_OPP_119,Naturopathy Research Intern,Yoga & Naturopathy,Internship,Wellness & Yoga Center,BNYS (Pursuing or Completed),Literature Review; Data Collection; Documentation; Communication; Report Writing; Drug Safety,1-2 years,Diet & Lifestyle Research,Kochi,On-site,Synthetic project record,Synthetic record created for SkillBridge prototype; not a live vacancy.
AYUSH_OPP_120,Clinical Research Coordinator,AYUSH/General,Job,Government AYUSH Department,BAMS / BHMS / BUMS / BSMS / Life Sciences Graduate,Clinical Research; Documentation; Data Collection; Communication; Project Management; Report Writing; Excel; Data Analysis,0-2 years,Patient Recruitment Studies,Chandigarh,Remote,Synthetic project record,Synthetic record created for SkillBridge prototype; not a live vacancy.
AYUSH_OPP_121,Ayurvedic Research Assistant,Ayurveda,Internship,Private AYUSH Hospital,BAMS / M.Sc. Ayurveda (Pursuing or Completed),Literature Review; Data Collection; Documentation; Research Methods; Excel; Report Writing; Communication; Statistics,0-2 years,Herbal Formulation Studies,Kolkata,Hybrid,Synthetic project record,Synthetic record created for SkillBridge prototype; not a live vacancy.
AYUSH_OPP_122,Clinical Research Intern,AYUSH/General,Internship,NGO (AYUSH Health),BAMS / BHMS / BUMS / BSMS / B.Sc. Nursing (Pursuing),Clinical Research; Data Collection; Documentation; GCP Guidelines; Excel; Communication; Report Writing; Pharmacology,Fresher,Clinical Trial Support,Indore,On-site,Synthetic project record,Synthetic record created for SkillBridge prototype; not a live vacancy.
AYUSH_OPP_123,Research Associate,AYUSH/General,Job,Private AYUSH Hospital,M.D. (AYUSH) / M.Sc. / M.Pharm (Relevant Specialization),Research Methods; Statistics; Data Analysis; Scientific Writing; Literature Review; Project Management; Report Writing; Power BI,1-2 years,Public Health Research,Dehradun,Remote,Synthetic project record,Synthetic record created for SkillBridge prototype; not a live vacancy.
AYUSH_OPP_124,AYUSH Data Analyst,AYUSH/General,Job,Private AYUSH Hospital,"B.Sc./M.Sc. (Statistics, Data Science, or related) / BAMS with Data Skills",Python; SQL; Data Analysis; Power BI; Statistics; Excel; Data Cleaning; Machine Learning,0-1 years,AYUSH Data Systems,Pune,Hybrid,Synthetic project record,Synthetic record created for SkillBridge prototype; not a live vacancy.
AYUSH_OPP_125,Pharmacovigilance Intern,Ayurveda,Internship,Clinical Research Organization,B.Pharm / M.Pharm / BAMS (Pursuing),Drug Safety; Pharmacology; Documentation; Data Collection; Report Writing; Excel; Communication,2-3 years,ASU&H Drug Safety,Dehradun,Remote,Synthetic project record,Synthetic record created for SkillBridge prototype; not a live vacancy.
AYUSH_OPP_126,Yoga Research Intern,Yoga & Naturopathy,Internship,Government AYUSH Department,Yoga Certification / B.Sc. Yoga / M.Sc. Yoga (Pursuing),Data Collection; Research Methods; Documentation; Communication; Report Writing; Literature Review,Fresher,Yoga Therapy Research,Ahmedabad,Hybrid,Synthetic project record,Synthetic record created for SkillBridge prototype; not a live vacancy.
AYUSH_OPP_127,Siddha Research Assistant,Siddha,Internship,AYUSH College,BSMS (Pursuing or Completed),Literature Review; Data Collection; Documentation; Research Methods; Excel; Communication,0-1 years,Siddha Pharmacology,Kochi,On-site,Synthetic project record,Synthetic record created for SkillBridge prototype; not a live vacancy.
AYUSH_OPP_128,Unani Research Intern,Unani,Internship,Pharmaceutical Company (AYUSH),BUMS (Pursuing or Completed),Literature Review; Data Collection; Documentation; Research Methods; Excel; Report Writing; Data Analysis,0-1 years,Unani Pharmacology,Ahmedabad,Remote,Synthetic project record,Synthetic record created for SkillBridge prototype; not a live vacancy.
AYUSH_OPP_129,Homoeopathy Research Assistant,Homoeopathy,Internship,AYUSH Research Institute,BHMS (Pursuing or Completed),Literature Review; Data Collection; Documentation; Clinical Research; Excel; Communication; Power BI,2-3 years,Materia Medica Research,Kolkata,Hybrid,Synthetic project record,Synthetic record created for SkillBridge prototype; not a live vacancy.
AYUSH_OPP_130,Project Technical Assistant,AYUSH/General,Job,Pharmaceutical Company (AYUSH),M.Sc. / BAMS / BHMS / BUMS / BSMS (Relevant Field),Data Collection; Data Cleaning; Documentation; Excel; Project Management; Report Writing; Communication,0-1 years,Research Coordination,Bengaluru,Remote,Synthetic project record,Synthetic record created for SkillBridge prototype; not a live vacancy.
AYUSH_OPP_131,Clinical Data Management Intern,AYUSH/General,Internship,Government AYUSH Hospital,"B.Sc. / M.Sc. (Life Sciences, Statistics) / BAMS / BHMS (Pursuing)",SQL; Data Cleaning; Data Analysis; Excel; Clinical Research; Documentation; Statistics; Drug Safety,2-3 years,Clinical Data Systems,Ranchi,Hybrid,Synthetic project record,Synthetic record created for SkillBridge prototype; not a live vacancy.
AYUSH_OPP_132,Medicinal Plant Research Intern,Ayurveda,Internship,AYUSH College,B.Sc./M.Sc. Botany / Ayurveda Pharmacy (Pursuing),Literature Review; Data Collection; Documentation; Research Methods; Report Writing; Communication,0-2 years,Medicinal Plant Taxonomy,Varanasi,Hybrid,Synthetic project record,Synthetic record created for SkillBridge prototype; not a live vacancy.
AYUSH_OPP_133,Bioinformatics Intern,AYUSH/General,Internship,Government AYUSH Hospital,B.Tech / M.Sc. Bioinformatics / Computational Biology (Pursuing),Python; Bioinformatics; Data Analysis; Machine Learning; SQL; Statistics; Documentation; Power BI,1-2 years,Network Pharmacology,Dehradun,On-site,Synthetic project record,Synthetic record created for SkillBridge prototype; not a live vacancy.
AYUSH_OPP_134,AI in AYUSH Intern,AYUSH/General,Internship,AYUSH Pharmacy / Drug Manufacturing Unit,"B.Tech / M.Tech / M.Sc. (CS, AI, Data Science) (Pursuing)",Python; Machine Learning; Data Analysis; SQL; Statistics; Data Cleaning; Documentation,Fresher,Predictive Modeling in AYUSH,Chennai,On-site,Synthetic project record,Synthetic record created for SkillBridge prototype; not a live vacancy.
AYUSH_OPP_135,Scientific Writer - AYUSH,AYUSH/General,Job,AYUSH Startup,M.Sc. / M.D. (AYUSH) / M.Pharm with strong writing skills,Scientific Writing; Literature Review; Documentation; Report Writing; Research Methods; Communication; Project Management,2-3 years,AYUSH Policy Documentation,Hyderabad,Remote,Synthetic project record,Synthetic record created for SkillBridge prototype; not a live vacancy.
AYUSH_OPP_136,AYUSH Program Coordinator,AYUSH/General,Job,AYUSH Startup,MBA / M.Sc. / BAMS / BHMS with Coordination Experience,Project Management; Communication; Documentation; Report Writing; Data Collection; Excel; Pharmacology,1-2 years,Community Health Outreach,Lucknow,Remote,Synthetic project record,Synthetic record created for SkillBridge prototype; not a live vacancy.
AYUSH_OPP_137,Research Fellow,AYUSH/General,Job,AYUSH Pharmacy / Drug Manufacturing Unit,Ph.D. / M.D. (AYUSH) / M.Pharm (Relevant Specialization),Research Methods; Statistics; Scientific Writing; Data Analysis; Literature Review; Project Management; Report Writing,2-3 years,Advanced Clinical Research,Coimbatore,Remote,Synthetic project record,Synthetic record created for SkillBridge prototype; not a live vacancy.
AYUSH_OPP_138,Yoga Therapist,Yoga & Naturopathy,Job,AYUSH Research Institute,B.Sc./M.Sc. Yoga / Diploma in Yoga Therapy,Communication; Documentation; Data Collection; Report Writing; Research Methods; Python,Fresher,Lifestyle Disorder Management,Hyderabad,On-site,Synthetic project record,Synthetic record created for SkillBridge prototype; not a live vacancy.
AYUSH_OPP_139,Naturopathy Research Intern,Yoga & Naturopathy,Internship,AYUSH Research Institute,BNYS (Pursuing or Completed),Literature Review; Data Collection; Documentation; Communication; Report Writing; Drug Safety,1-2 years,Naturopathic Treatment Studies,Indore,On-site,Synthetic project record,Synthetic record created for SkillBridge prototype; not a live vacancy.
AYUSH_OPP_140,Clinical Research Coordinator,AYUSH/General,Job,Private AYUSH Hospital,BAMS / BHMS / BUMS / BSMS / Life Sciences Graduate,Clinical Research; Documentation; Data Collection; Communication; Project Management; Report Writing; Excel,0-2 years,Patient Recruitment Studies,Coimbatore,On-site,Synthetic project record,Synthetic record created for SkillBridge prototype; not a live vacancy.
AYUSH_OPP_141,Ayurvedic Research Assistant,Ayurveda,Internship,Private AYUSH Hospital,BAMS / M.Sc. Ayurveda (Pursuing or Completed),Literature Review; Data Collection; Documentation; Research Methods; Excel; Report Writing; Communication,2-3 years,Herbal Formulation Studies,Varanasi,On-site,Synthetic project record,Synthetic record created for SkillBridge prototype; not a live vacancy.
AYUSH_OPP_142,Clinical Research Intern,AYUSH/General,Internship,AYUSH Startup,BAMS / BHMS / BUMS / BSMS / B.Sc. Nursing (Pursuing),Clinical Research; Data Collection; Documentation; GCP Guidelines; Excel; Communication; Report Writing; Python,2-3 years,Clinical Trial Support,Gandhinagar,On-site,Synthetic project record,Synthetic record created for SkillBridge prototype; not a live vacancy.
AYUSH_OPP_143,Research Associate,AYUSH/General,Job,AYUSH College,M.D. (AYUSH) / M.Sc. / M.Pharm (Relevant Specialization),Research Methods; Statistics; Data Analysis; Scientific Writing; Literature Review; Project Management; Report Writing,Fresher,Clinical Research,Gandhinagar,Hybrid,Synthetic project record,Synthetic record created for SkillBridge prototype; not a live vacancy.
AYUSH_OPP_144,AYUSH Data Analyst,AYUSH/General,Job,AYUSH Pharmacy / Drug Manufacturing Unit,"B.Sc./M.Sc. (Statistics, Data Science, or related) / BAMS with Data Skills",Python; SQL; Data Analysis; Power BI; Statistics; Excel; Data Cleaning; Machine Learning,1-2 years,AYUSH Data Systems,Guwahati,Remote,Synthetic project record,Synthetic record created for SkillBridge prototype; not a live vacancy.
AYUSH_OPP_145,Pharmacovigilance Intern,Ayurveda,Internship,Pharmaceutical Company (AYUSH),B.Pharm / M.Pharm / BAMS (Pursuing),Drug Safety; Pharmacology; Documentation; Data Collection; Report Writing; Excel; Communication; SQL,2-3 years,Post-Market Surveillance,Mysuru,Hybrid,Synthetic project record,Synthetic record created for SkillBridge prototype; not a live vacancy.
AYUSH_OPP_146,Yoga Research Intern,Yoga & Naturopathy,Internship,NGO (AYUSH Health),Yoga Certification / B.Sc. Yoga / M.Sc. Yoga (Pursuing),Data Collection; Research Methods; Documentation; Communication; Report Writing; Literature Review,0-2 years,Mind-Body Medicine,Guwahati,On-site,Synthetic project record,Synthetic record created for SkillBridge prototype; not a live vacancy.
AYUSH_OPP_147,Siddha Research Assistant,Siddha,Internship,Private AYUSH Hospital,BSMS (Pursuing or Completed),Literature Review; Data Collection; Documentation; Research Methods; Excel; Communication,2-3 years,Siddha Formulation Research,New Delhi,On-site,Synthetic project record,Synthetic record created for SkillBridge prototype; not a live vacancy.
AYUSH_OPP_148,Unani Research Intern,Unani,Internship,Pharmaceutical Company (AYUSH),BUMS (Pursuing or Completed),Literature Review; Data Collection; Documentation; Research Methods; Excel; Report Writing,Fresher,Unani Drug Standardization,New Delhi,Remote,Synthetic project record,Synthetic record created for SkillBridge prototype; not a live vacancy.
AYUSH_OPP_149,Homoeopathy Research Assistant,Homoeopathy,Internship,Government AYUSH Department,BHMS (Pursuing or Completed),Literature Review; Data Collection; Documentation; Clinical Research; Excel; Communication,0-1 years,Clinical Case Studies,Kolkata,Hybrid,Synthetic project record,Synthetic record created for SkillBridge prototype; not a live vacancy.
AYUSH_OPP_150,Project Technical Assistant,AYUSH/General,Job,Clinical Research Organization,M.Sc. / BAMS / BHMS / BUMS / BSMS (Relevant Field),Data Collection; Data Cleaning; Documentation; Excel; Project Management; Report Writing; Communication; Data Analysis,1-2 years,AYUSH Project Support,Nagpur,Remote,Synthetic project record,Synthetic record created for SkillBridge prototype; not a live vacancy.
AYUSH_OPP_151,Clinical Data Management Intern,AYUSH/General,Internship,Government AYUSH Hospital,"B.Sc. / M.Sc. (Life Sciences, Statistics) / BAMS / BHMS (Pursuing)",SQL; Data Cleaning; Data Analysis; Excel; Clinical Research; Documentation; Statistics; Drug Safety,0-2 years,Clinical Data Systems,Kochi,Remote,Synthetic project record,Synthetic record created for SkillBridge prototype; not a live vacancy.
AYUSH_OPP_152,Medicinal Plant Research Intern,Ayurveda,Internship,AYUSH Pharmacy / Drug Manufacturing Unit,B.Sc./M.Sc. Botany / Ayurveda Pharmacy (Pursuing),Literature Review; Data Collection; Documentation; Research Methods; Report Writing; Communication; Data Analysis,Fresher,Herbal Drug Standardization,Coimbatore,Remote,Synthetic project record,Synthetic record created for SkillBridge prototype; not a live vacancy.
AYUSH_OPP_153,Bioinformatics Intern,AYUSH/General,Internship,Government AYUSH Hospital,B.Tech / M.Sc. Bioinformatics / Computational Biology (Pursuing),Python; Bioinformatics; Data Analysis; Machine Learning; SQL; Statistics; Documentation,2-3 years,Network Pharmacology,Ahmedabad,Hybrid,Synthetic project record,Synthetic record created for SkillBridge prototype; not a live vacancy.
AYUSH_OPP_154,AI in AYUSH Intern,AYUSH/General,Internship,NGO (AYUSH Health),"B.Tech / M.Tech / M.Sc. (CS, AI, Data Science) (Pursuing)",Python; Machine Learning; Data Analysis; SQL; Statistics; Data Cleaning; Documentation; Excel,1-2 years,Predictive Modeling in AYUSH,New Delhi,Remote,Synthetic project record,Synthetic record created for SkillBridge prototype; not a live vacancy.
AYUSH_OPP_155,Scientific Writer - AYUSH,AYUSH/General,Job,Clinical Research Organization,M.Sc. / M.D. (AYUSH) / M.Pharm with strong writing skills,Scientific Writing; Literature Review; Documentation; Report Writing; Research Methods; Communication; Project Management,1-2 years,AYUSH Policy Documentation,Thiruvananthapuram,Remote,Synthetic project record,Synthetic record created for SkillBridge prototype; not a live vacancy.
AYUSH_OPP_156,AYUSH Program Coordinator,AYUSH/General,Job,NGO (AYUSH Health),MBA / M.Sc. / BAMS / BHMS with Coordination Experience,Project Management; Communication; Documentation; Report Writing; Data Collection; Excel; Drug Safety,0-2 years,Program Monitoring & Evaluation,Jaipur,Hybrid,Synthetic project record,Synthetic record created for SkillBridge prototype; not a live vacancy.
AYUSH_OPP_157,Research Fellow,AYUSH/General,Job,Government AYUSH Department,Ph.D. / M.D. (AYUSH) / M.Pharm (Relevant Specialization),Research Methods; Statistics; Scientific Writing; Data Analysis; Literature Review; Project Management; Report Writing,0-1 years,Translational AYUSH Research,Hyderabad,On-site,Synthetic project record,Synthetic record created for SkillBridge prototype; not a live vacancy.
AYUSH_OPP_158,Yoga Therapist,Yoga & Naturopathy,Job,Wellness & Yoga Center,B.Sc./M.Sc. Yoga / Diploma in Yoga Therapy,Communication; Documentation; Data Collection; Report Writing; Research Methods; SQL,1-2 years,Naturopathy Integration,Coimbatore,Remote,Synthetic project record,Synthetic record created for SkillBridge prototype; not a live vacancy.
AYUSH_OPP_159,Naturopathy Research Intern,Yoga & Naturopathy,Internship,AYUSH Research Institute,BNYS (Pursuing or Completed),Literature Review; Data Collection; Documentation; Communication; Report Writing,0-2 years,Diet & Lifestyle Research,Varanasi,On-site,Synthetic project record,Synthetic record created for SkillBridge prototype; not a live vacancy.
AYUSH_OPP_160,Clinical Research Coordinator,AYUSH/General,Job,Clinical Research Organization,BAMS / BHMS / BUMS / BSMS / Life Sciences Graduate,Clinical Research; Documentation; Data Collection; Communication; Project Management; Report Writing; Excel; Python,0-1 years,Patient Recruitment Studies,Ahmedabad,Hybrid,Synthetic project record,Synthetic record created for SkillBridge prototype; not a live vacancy.
AYUSH_OPP_161,Ayurvedic Research Assistant,Ayurveda,Internship,AYUSH College,BAMS / M.Sc. Ayurveda (Pursuing or Completed),Literature Review; Data Collection; Documentation; Research Methods; Excel; Report Writing; Communication,0-2 years,Ayurvedic Pharmacology,Bhubaneswar,On-site,Synthetic project record,Synthetic record created for SkillBridge prototype; not a live vacancy.
AYUSH_OPP_162,Clinical Research Intern,AYUSH/General,Internship,Wellness & Yoga Center,BAMS / BHMS / BUMS / BSMS / B.Sc. Nursing (Pursuing),Clinical Research; Data Collection; Documentation; GCP Guidelines; Excel; Communication; Report Writing,0-2 years,Patient Outcome Research,Madurai,Hybrid,Synthetic project record,Synthetic record created for SkillBridge prototype; not a live vacancy.
AYUSH_OPP_163,Research Associate,AYUSH/General,Job,Pharmaceutical Company (AYUSH),M.D. (AYUSH) / M.Sc. / M.Pharm (Relevant Specialization),Research Methods; Statistics; Data Analysis; Scientific Writing; Literature Review; Project Management; Report Writing; Drug Safety,0-1 years,Public Health Research,Coimbatore,Remote,Synthetic project record,Synthetic record created for SkillBridge prototype; not a live vacancy.
AYUSH_OPP_164,AYUSH Data Analyst,AYUSH/General,Job,NGO (AYUSH Health),"B.Sc./M.Sc. (Statistics, Data Science, or related) / BAMS with Data Skills",Python; SQL; Data Analysis; Power BI; Statistics; Excel; Data Cleaning; Machine Learning,1-2 years,Epidemiological Data Analysis,Thiruvananthapuram,Hybrid,Synthetic project record,Synthetic record created for SkillBridge prototype; not a live vacancy.
AYUSH_OPP_165,Pharmacovigilance Intern,Ayurveda,Internship,Private AYUSH Hospital,B.Pharm / M.Pharm / BAMS (Pursuing),Drug Safety; Pharmacology; Documentation; Data Collection; Report Writing; Excel; Communication,1-2 years,Post-Market Surveillance,Madurai,On-site,Synthetic project record,Synthetic record created for SkillBridge prototype; not a live vacancy.
AYUSH_OPP_166,Yoga Research Intern,Yoga & Naturopathy,Internship,NGO (AYUSH Health),Yoga Certification / B.Sc. Yoga / M.Sc. Yoga (Pursuing),Data Collection; Research Methods; Documentation; Communication; Report Writing; Literature Review; Python,1-2 years,Mind-Body Medicine,Bengaluru,Hybrid,Synthetic project record,Synthetic record created for SkillBridge prototype; not a live vacancy.
AYUSH_OPP_167,Siddha Research Assistant,Siddha,Internship,AYUSH College,BSMS (Pursuing or Completed),Literature Review; Data Collection; Documentation; Research Methods; Excel; Communication; SQL,2-3 years,Siddha Formulation Research,Dehradun,On-site,Synthetic project record,Synthetic record created for SkillBridge prototype; not a live vacancy.
AYUSH_OPP_168,Unani Research Intern,Unani,Internship,Government AYUSH Hospital,BUMS (Pursuing or Completed),Literature Review; Data Collection; Documentation; Research Methods; Excel; Report Writing; Python,1-2 years,Unani Drug Standardization,Madurai,Hybrid,Synthetic project record,Synthetic record created for SkillBridge prototype; not a live vacancy.
AYUSH_OPP_169,Homoeopathy Research Assistant,Homoeopathy,Internship,AYUSH College,BHMS (Pursuing or Completed),Literature Review; Data Collection; Documentation; Clinical Research; Excel; Communication,1-2 years,Homoeopathic Drug Proving,Nagpur,Remote,Synthetic project record,Synthetic record created for SkillBridge prototype; not a live vacancy.
AYUSH_OPP_170,Project Technical Assistant,AYUSH/General,Job,AYUSH Pharmacy / Drug Manufacturing Unit,M.Sc. / BAMS / BHMS / BUMS / BSMS (Relevant Field),Data Collection; Data Cleaning; Documentation; Excel; Project Management; Report Writing; Communication,1-2 years,Research Coordination,Ahmedabad,Hybrid,Synthetic project record,Synthetic record created for SkillBridge prototype; not a live vacancy.
AYUSH_OPP_171,Clinical Data Management Intern,AYUSH/General,Internship,Government AYUSH Department,"B.Sc. / M.Sc. (Life Sciences, Statistics) / BAMS / BHMS (Pursuing)",SQL; Data Cleaning; Data Analysis; Excel; Clinical Research; Documentation; Statistics,1-2 years,Health Records Analysis,Madurai,Hybrid,Synthetic project record,Synthetic record created for SkillBridge prototype; not a live vacancy.
AYUSH_OPP_172,Medicinal Plant Research Intern,Ayurveda,Internship,Government AYUSH Department,B.Sc./M.Sc. Botany / Ayurveda Pharmacy (Pursuing),Literature Review; Data Collection; Documentation; Research Methods; Report Writing; Communication,Fresher,Herbal Drug Standardization,Patna,Remote,Synthetic project record,Synthetic record created for SkillBridge prototype; not a live vacancy.
AYUSH_OPP_173,Bioinformatics Intern,AYUSH/General,Internship,Government AYUSH Department,B.Tech / M.Sc. Bioinformatics / Computational Biology (Pursuing),Python; Bioinformatics; Data Analysis; Machine Learning; SQL; Statistics; Documentation,0-1 years,Network Pharmacology,Lucknow,Remote,Synthetic project record,Synthetic record created for SkillBridge prototype; not a live vacancy.
AYUSH_OPP_174,AI in AYUSH Intern,AYUSH/General,Internship,Government AYUSH Department,"B.Tech / M.Tech / M.Sc. (CS, AI, Data Science) (Pursuing)",Python; Machine Learning; Data Analysis; SQL; Statistics; Data Cleaning; Documentation,Fresher,NLP for AYUSH Texts,Nagpur,On-site,Synthetic project record,Synthetic record created for SkillBridge prototype; not a live vacancy.
AYUSH_OPP_175,Scientific Writer - AYUSH,AYUSH/General,Job,AYUSH Research Institute,M.Sc. / M.D. (AYUSH) / M.Pharm with strong writing skills,Scientific Writing; Literature Review; Documentation; Report Writing; Research Methods; Communication; Project Management; Data Analysis,Fresher,Grant & Report Writing,Nashik,On-site,Synthetic project record,Synthetic record created for SkillBridge prototype; not a live vacancy.
AYUSH_OPP_176,AYUSH Program Coordinator,AYUSH/General,Job,Private AYUSH Hospital,MBA / M.Sc. / BAMS / BHMS with Coordination Experience,Project Management; Communication; Documentation; Report Writing; Data Collection; Excel,1-2 years,Training Coordination,Nagpur,On-site,Synthetic project record,Synthetic record created for SkillBridge prototype; not a live vacancy.
AYUSH_OPP_177,Research Fellow,AYUSH/General,Job,AYUSH College,Ph.D. / M.D. (AYUSH) / M.Pharm (Relevant Specialization),Research Methods; Statistics; Scientific Writing; Data Analysis; Literature Review; Project Management; Report Writing,Fresher,Advanced Clinical Research,Shimla,On-site,Synthetic project record,Synthetic record created for SkillBridge prototype; not a live vacancy.
AYUSH_OPP_178,Yoga Therapist,Yoga & Naturopathy,Job,AYUSH Research Institute,B.Sc./M.Sc. Yoga / Diploma in Yoga Therapy,Communication; Documentation; Data Collection; Report Writing; Research Methods; Drug Safety,2-3 years,Lifestyle Disorder Management,Bhubaneswar,Remote,Synthetic project record,Synthetic record created for SkillBridge prototype; not a live vacancy.
AYUSH_OPP_179,Naturopathy Research Intern,Yoga & Naturopathy,Internship,NGO (AYUSH Health),BNYS (Pursuing or Completed),Literature Review; Data Collection; Documentation; Communication; Report Writing,Fresher,Diet & Lifestyle Research,Patna,Hybrid,Synthetic project record,Synthetic record created for SkillBridge prototype; not a live vacancy.
AYUSH_OPP_180,Clinical Research Coordinator,AYUSH/General,Job,Government AYUSH Department,BAMS / BHMS / BUMS / BSMS / Life Sciences Graduate,Clinical Research; Documentation; Data Collection; Communication; Project Management; Report Writing; Excel; Data Analysis,0-1 years,Trial Compliance Monitoring,Varanasi,Hybrid,Synthetic project record,Synthetic record created for SkillBridge prototype; not a live vacancy.
AYUSH_OPP_181,Ayurvedic Research Assistant,Ayurveda,Internship,AYUSH Pharmacy / Drug Manufacturing Unit,BAMS / M.Sc. Ayurveda (Pursuing or Completed),Literature Review; Data Collection; Documentation; Research Methods; Excel; Report Writing; Communication,1-2 years,Herbal Formulation Studies,Chandigarh,Hybrid,Synthetic project record,Synthetic record created for SkillBridge prototype; not a live vacancy.
AYUSH_OPP_182,Clinical Research Intern,AYUSH/General,Internship,Clinical Research Organization,BAMS / BHMS / BUMS / BSMS / B.Sc. Nursing (Pursuing),Clinical Research; Data Collection; Documentation; GCP Guidelines; Excel; Communication; Report Writing; Data Analysis,0-1 years,Clinical Trial Support,Jaipur,Hybrid,Synthetic project record,Synthetic record created for SkillBridge prototype; not a live vacancy.
AYUSH_OPP_183,Research Associate,AYUSH/General,Job,AYUSH Diagnostic & Data Center,M.D. (AYUSH) / M.Sc. / M.Pharm (Relevant Specialization),Research Methods; Statistics; Data Analysis; Scientific Writing; Literature Review; Project Management; Report Writing,Fresher,Pharmacovigilance,Chandigarh,Hybrid,Synthetic project record,Synthetic record created for SkillBridge prototype; not a live vacancy.
AYUSH_OPP_184,AYUSH Data Analyst,AYUSH/General,Job,Pharmaceutical Company (AYUSH),"B.Sc./M.Sc. (Statistics, Data Science, or related) / BAMS with Data Skills",Python; SQL; Data Analysis; Power BI; Statistics; Excel; Data Cleaning; Machine Learning,2-3 years,Health Informatics,Bhopal,Hybrid,Synthetic project record,Synthetic record created for SkillBridge prototype; not a live vacancy.
AYUSH_OPP_185,Pharmacovigilance Intern,Ayurveda,Internship,AYUSH Research Institute,B.Pharm / M.Pharm / BAMS (Pursuing),Drug Safety; Pharmacology; Documentation; Data Collection; Report Writing; Excel; Communication,1-2 years,Post-Market Surveillance,Ranchi,Remote,Synthetic project record,Synthetic record created for SkillBridge prototype; not a live vacancy.
AYUSH_OPP_186,Yoga Research Intern,Yoga & Naturopathy,Internship,AYUSH Research Institute,Yoga Certification / B.Sc. Yoga / M.Sc. Yoga (Pursuing),Data Collection; Research Methods; Documentation; Communication; Report Writing; Literature Review; Machine Learning,0-2 years,Mind-Body Medicine,Nashik,Hybrid,Synthetic project record,Synthetic record created for SkillBridge prototype; not a live vacancy.
AYUSH_OPP_187,Siddha Research Assistant,Siddha,Internship,AYUSH College,BSMS (Pursuing or Completed),Literature Review; Data Collection; Documentation; Research Methods; Excel; Communication,Fresher,Siddha Formulation Research,Guwahati,Hybrid,Synthetic project record,Synthetic record created for SkillBridge prototype; not a live vacancy.
AYUSH_OPP_188,Unani Research Intern,Unani,Internship,Pharmaceutical Company (AYUSH),BUMS (Pursuing or Completed),Literature Review; Data Collection; Documentation; Research Methods; Excel; Report Writing,Fresher,Ilaj bi'l-Tadbeer Research,Patna,On-site,Synthetic project record,Synthetic record created for SkillBridge prototype; not a live vacancy.
AYUSH_OPP_189,Homoeopathy Research Assistant,Homoeopathy,Internship,Government AYUSH Hospital,BHMS (Pursuing or Completed),Literature Review; Data Collection; Documentation; Clinical Research; Excel; Communication,0-2 years,Clinical Case Studies,Vijayawada,On-site,Synthetic project record,Synthetic record created for SkillBridge prototype; not a live vacancy.
AYUSH_OPP_190,Project Technical Assistant,AYUSH/General,Job,AYUSH College,M.Sc. / BAMS / BHMS / BUMS / BSMS (Relevant Field),Data Collection; Data Cleaning; Documentation; Excel; Project Management; Report Writing; Communication,0-2 years,Research Coordination,Kolkata,On-site,Synthetic project record,Synthetic record created for SkillBridge prototype; not a live vacancy.
AYUSH_OPP_191,Clinical Data Management Intern,AYUSH/General,Internship,AYUSH College,"B.Sc. / M.Sc. (Life Sciences, Statistics) / BAMS / BHMS (Pursuing)",SQL; Data Cleaning; Data Analysis; Excel; Clinical Research; Documentation; Statistics,1-2 years,Trial Data Management,Gandhinagar,Hybrid,Synthetic project record,Synthetic record created for SkillBridge prototype; not a live vacancy.
AYUSH_OPP_192,Medicinal Plant Research Intern,Ayurveda,Internship,Clinical Research Organization,B.Sc./M.Sc. Botany / Ayurveda Pharmacy (Pursuing),Literature Review; Data Collection; Documentation; Research Methods; Report Writing; Communication,1-2 years,Medicinal Plant Taxonomy,Coimbatore,Remote,Synthetic project record,Synthetic record created for SkillBridge prototype; not a live vacancy.
AYUSH_OPP_193,Bioinformatics Intern,AYUSH/General,Internship,Government AYUSH Department,B.Tech / M.Sc. Bioinformatics / Computational Biology (Pursuing),Python; Bioinformatics; Data Analysis; Machine Learning; SQL; Statistics; Documentation,1-2 years,Computational Drug Discovery,Chennai,On-site,Synthetic project record,Synthetic record created for SkillBridge prototype; not a live vacancy.
AYUSH_OPP_194,AI in AYUSH Intern,AYUSH/General,Internship,Wellness & Yoga Center,"B.Tech / M.Tech / M.Sc. (CS, AI, Data Science) (Pursuing)",Python; Machine Learning; Data Analysis; SQL; Statistics; Data Cleaning; Documentation; Excel,1-2 years,AI-based Diagnosis Support,Shimla,Remote,Synthetic project record,Synthetic record created for SkillBridge prototype; not a live vacancy.
AYUSH_OPP_195,Scientific Writer - AYUSH,AYUSH/General,Job,Wellness & Yoga Center,M.Sc. / M.D. (AYUSH) / M.Pharm with strong writing skills,Scientific Writing; Literature Review; Documentation; Report Writing; Research Methods; Communication; Project Management,0-2 years,AYUSH Policy Documentation,Hyderabad,Hybrid,Synthetic project record,Synthetic record created for SkillBridge prototype; not a live vacancy.
AYUSH_OPP_196,AYUSH Program Coordinator,AYUSH/General,Job,Wellness & Yoga Center,MBA / M.Sc. / BAMS / BHMS with Coordination Experience,Project Management; Communication; Documentation; Report Writing; Data Collection; Excel,0-1 years,Program Monitoring & Evaluation,Udaipur,Remote,Synthetic project record,Synthetic record created for SkillBridge prototype; not a live vacancy.
AYUSH_OPP_197,Research Fellow,AYUSH/General,Job,Private AYUSH Hospital,Ph.D. / M.D. (AYUSH) / M.Pharm (Relevant Specialization),Research Methods; Statistics; Scientific Writing; Data Analysis; Literature Review; Project Management; Report Writing,Fresher,Translational AYUSH Research,Kochi,Remote,Synthetic project record,Synthetic record created for SkillBridge prototype; not a live vacancy.
AYUSH_OPP_198,Yoga Therapist,Yoga & Naturopathy,Job,Government AYUSH Department,B.Sc./M.Sc. Yoga / Diploma in Yoga Therapy,Communication; Documentation; Data Collection; Report Writing; Research Methods; Power BI,1-2 years,Naturopathy Integration,Varanasi,Remote,Synthetic project record,Synthetic record created for SkillBridge prototype; not a live vacancy.
AYUSH_OPP_199,Naturopathy Research Intern,Yoga & Naturopathy,Internship,NGO (AYUSH Health),BNYS (Pursuing or Completed),Literature Review; Data Collection; Documentation; Communication; Report Writing; Excel,Fresher,Naturopathic Treatment Studies,Bengaluru,Hybrid,Synthetic project record,Synthetic record created for SkillBridge prototype; not a live vacancy.
AYUSH_OPP_200,Clinical Research Coordinator,AYUSH/General,Job,Clinical Research Organization,BAMS / BHMS / BUMS / BSMS / Life Sciences Graduate,Clinical Research; Documentation; Data Collection; Communication; Project Management; Report Writing; Excel; Python,2-3 years,Patient Recruitment Studies,Chennai,Hybrid,Synthetic project record,Synthetic record created for SkillBridge prototype; not a live vacancy.
