"S. No. ","State or Union Territory","Type of System","No. of Colleges - Govt","Admission Capacity - Govt","Permitted Seats - Govt","No. of Colleges - Non-Govt","Admission Capacity - Non-Govt","Permitted Seats - Non-Govt"
"1"," Andhra Pradesh ","Ayurveda","1","100","79","2","164","158"
"2"," Assam  ","Ayurveda","1","93","93","0","0","0"
"3"," Bihar ","Ayurveda","2","248","213","8","518","408"
"4"," Chhattisgarh  ","Ayurveda","2","216","215","4","280","280"
"5"," Delhi  ","Ayurveda","3","364","314","0","0","0"
"6"," Goa  ","Ayurveda","1","100","100","1","72","72"
"7"," Gujarat","Ayurveda","7","601","583","38","3197","3031"
"8"," Haryana  ","Ayurveda","3","320","285","11","800","644"
"9"," Himachal Pradesh  ","Ayurveda","1","131","129","3","203","203"
"10"," Jammu & Kashmir  ","Ayurveda","1","63","63","1","75","69"
"11"," Jharkhand","Ayurveda","0","0","0","1","84","0"
"12"," Karnataka  ","Ayurveda","4","418","358","95","7947","7466"
"13"," Kerala  ","Ayurveda","3","388","388","15","1024","1013"
"14"," Madhya Pradesh  ","Ayurveda","7","610","573","26","2282","2184"
"15"," Maharashtra  ","Ayurveda","6","912","899","114","10039","9781"
"16"," Meghalaya ","Ayurveda","1","63","63","1","100","60"
"17"," Odisha  ","Ayurveda","3","258","225","3","190","160"
"18"," Punjab  ","Ayurveda","1","60","42","17","1080","1038"
"19"," Rajasthan  ","Ayurveda","9","962","920","9","585","579"
"20","Tamil Nadu","Ayurveda","1","60","60","7","400","338"
"21","Telangana","Ayurveda","2","167","167","0","0","0"
"22","Uttar Pradesh  ","Ayurveda","9","812","676","91","7087","6157"
"23","Uttarakhand","Ayurveda","3","307","296","17","1286","1033"
"24","West Bengal","Ayurveda","2","99","99","2","110","110"
"25","Chandigarh ","Ayurveda","0","0","0","1","123","123"
"26","Puducherry","Ayurveda","1","63","63","0","0","0"
"1"," Andhra Pradesh ","Unani","0","0","0","1","50","50"
"2"," Bihar ","Unani","1","156","48","4","200","195"
"3"," Chhattisgarh  ","Unani","0","0","0","1","40","0"
"4"," Delhi  ","Unani","1","88","81","1","59","59"
"5"," Jammu & Kashmir  ","Unani","2","78","75","2","100","100"
"6"," Karnataka  ","Unani","2","150","131","4","247","247"
"7"," Kerala  ","Unani","0","0","0","1","60","60"
"8"," Madhya Pradesh  ","Unani","1","97","93","3","170","170"
"9"," Maharashtra  ","Unani","0","0","0","7","427","427"
"10"," Punjab  ","Unani","0","0","0","1","50","0"
"11"," Rajasthan  ","Unani","1","63","38","2","110","110"
"12","Tamil Nadu","Unani","1","71","65","0","0","0"
"13","Telangana","Unani","2","157","153","1","100","0"
"14","Uttar Pradesh  ","Unani","4","373","356","13","820","600"
"15","Uttarakhand","Unani","0","0","0","1","60","60"
"16","West Bengal","Unani","0","0","0","1","40","40"
"1"," Kerala  ","Siddha","0","0","0","1","50","50"
"2","Tamil Nadu","Siddha","3","437","437","13","820","820"
"1"," Andhra Pradesh ","Yoga Naturopathy","0","0","0","2","200","200"
"2"," Chhattisgarh  ","Yoga Naturopathy","0","0","0","1","50","50"
"3","Delhi","Yoga Naturopathy","1","30","30","0","0","0"
"4"," Gujarat","Yoga Naturopathy","0","0","0","2","60","60"
"5","Haryana","Yoga Naturopathy","0","0","0","1","40","40"
"6"," Karnataka  ","Yoga Naturopathy","1","60","60","8","690","690"
"7"," Madhya Pradesh  ","Yoga Naturopathy","0","0","0","2","139","130"
"8"," Rajasthan  ","Yoga Naturopathy","0","0","0","10","690","690"
"9","Tamil Nadu","Yoga Naturopathy","1","75","75","14","1250","1250"
"10","Telangana","Yoga Naturopathy","0","0","0","1","60","0"
"11","Uttar Pradesh  ","Yoga Naturopathy","2","130","130","2","140","140"
"12","Uttarakhand","Yoga Naturopathy","0","0","0","1","60","60"
"1"," Andhra Pradesh ","Homoeopathy","3","205","200","4","400","300"
"2","Arunachal Pradesh","Homoeopathy","0","0","0","1","50","0"
"3"," Assam  ","Homoeopathy","3","189","189","0","0","0"
"4"," Bihar ","Homoeopathy","1","103","103","14","792","450"
"5"," Chhattisgarh  ","Homoeopathy","0","0","0","3","200","50"
"6"," Delhi  ","Homoeopathy","2","203","203","0","0","0"
"7"," Goa  ","Homoeopathy","0","0","0","1","50","0"
"8"," Gujarat","Homoeopathy","1","125","125","44","4501","4354"
"9"," Haryana  ","Homoeopathy","0","0","0","1","50","50"
"10"," Himachal Pradesh  ","Homoeopathy","0","0","0","1","60","60"
"11"," Jharkhand","Homoeopathy","1","63","63","5","310","100"
"12"," Karnataka  ","Homoeopathy","1","160","160","18","1511","1511"
"13"," Kerala  ","Homoeopathy","3","209","209","3","189","189"
"14"," Madhya Pradesh  ","Homoeopathy","1","194","194","24","2207","1812"
"15"," Maharashtra  ","Homoeopathy","1","63","63","64","5665","5382"
"16"," Meghalaya ","Homoeopathy","1","63","63","0","0","0"
"17"," Odisha  ","Homoeopathy","4","160","160","3","120","60"
"18"," Punjab  ","Homoeopathy","0","0","0","4","238","100"
"19"," Rajasthan  ","Homoeopathy","2","120","120","10","917","902"
"20","Tamil Nadu","Homoeopathy","1","63","63","13","1092","1042"
"21","Telangana","Homoeopathy","1","163","163","4","470","450"
"22","Uttar Pradesh  ","Homoeopathy","9","1027","1027","3","310","278"
"23","Uttarakhand","Homoeopathy","0","0","0","2","100","50"
"24","West Bengal","Homoeopathy","5","471","471","7","380","380"
"25"," Chandigarh ","Homoeopathy","0","0","0","1","50","50"
"1","Himachal Pradesh","Sowa Rigpa","0","0","0","1","15","15"
"2","Karnataka","Sowa Rigpa","0","0","0","1","15","15"
"3","Ladakh","Sowa Rigpa","2","25","25","0","0","0"
"4","Sikkim","Sowa Rigpa","1","15","15","0","0","0"
"5","Uttar Pradesh","Sowa Rigpa","0","0","0","1","15","15"
